Ingles,Portugues
Abolish,Abolir
Abortion,Aborto
Absence,Ausência
Absent,Ausente
Absorb,Absorver
Abstract,Resumo
Absurd,Absurdo
Abuse,Abuso
Academy,Academia
Accelerate,Acelerar
Accent,Sotaque
Acceptance,Aceitação
Accessible,Acessível
Accidentally,Acidentalmente
Accommodate,Acomodar
Accommodation,Alojamento
Accomplish,Concluir
Accomplishment,Realização
Accordingly,De acordo
Accountability,Responsabilidade
Accountable,Responsável
Accountant,Contador
Accumulate,Acumular
Accumulation,Acumulação
Accuracy,Precisão
Accurately,Com precisão
Accusation,Acusação
Accused,Acusado
Acid,Ácido
Acquisition,Aquisição
Acre,Acre
Activate,Ativar
Activation,Ativação
Activist,Ativista
Acute,Agudo
Adaptation,Adaptação
Addiction,Vício
Additionally,Adicionalmente
Adequate,Adequado
Adequately,Adequadamente
Adhere,Aderir
Adjacent,Adjacente
Adjust,Ajustar
Adjustment,Ajuste
Administer,Administrar
Administrative,Administrativo
Administrator,Administrador
Admission,Admissão
Adolescent,Adolescente
Adoption,Adoção
Adverse,Adverso
Advocate,Advogado
Aesthetic,Estética
Affection,Afeição
Affordable,Acessível
Aftermath,Consequências
Aged,Envelhecido
Aggression,Agressão
Agricultural,Agrícola
Agriculture,Agricultura
Aide,Assessor
Alert,Alerta
Alien,Estrangeiro
Align,Alinhar
Alignment,Alinhamento
Alike,Parecido
Allegation,Alegação
Allege,Alegar
Allegedly,Alegadamente
Alliance,Aliança
Allocate,Alocar
Allocation,Alocação
Allowance,Mesada
Ally,Aliado
Alongside,Ao lado
Altogether,Completamente
Aluminum,Alumínio
Amateur,Amador
Ambassador,Embaixador
Ambitious,Ambicioso
Ambulance,Ambulância
Amend,Alterar
Amendment,Alteração
Amid,Entre
Amusing,Divertido
Analogy,Analogia
Analyst,Analista
Ancestor,Antepassado
Anchor,Âncora
Angel,Anjo
Animation,Animação
Annually,Anualmente
Anonymous,Anônimo
Anticipate,Antecipar
Anxiety,Ansiedade
Apology,Desculpa
Apparatus,Aparelho
Apparel,Vestuário
Appealing,Atraente
Appetite,Apetite
Applaud,Aplaudir
Applicable,Aplicável
Applicant,Requerente
Appoint,Nomear
Appreciation,Apreciação
Appropriately,Apropriadamente
Arbitrary,Arbitrário
Architectural,Arquitetônico
Archive,Arquivo
Arena,Arena
Arm,Braço
Array,Variedade
Arrow,Seta
Articulate,Articular
Artwork,Obra de arte
Ash,Cinzas
Aspiration,Aspiração
Aspire,Aspirar
Assassination,Assassinato
Assault,Assalto
Assemble,Montar
Assembly,Conjunto
Assert,Afirmar
Assertion,Afirmação
Asset,Ativo
Assign,Atribuir
Assistance,Assistência
Assumption,Suposição
Assurance,Garantia
Assure,Assegurar
Astonishing,Surpreendente
Asylum,Asilo
Athletic,Atlético
Atrocity,Atrocidade
Attachment,Anexo
Attain,Atingir
Attendance,Comparecimento
Attribute,Atributo
Auction,Leilão
Audio,Áudio
Audit,Auditoria
Authentic,Autêntico
Authorize,Autorizar
Auto,Auto
Autonomy,Autonomia
Autumn,Outono
Availability,Disponibilidade
Await,Espere
Awareness,Conhecimento
Awkward,Estranho
Backdrop,Pano de fundo
Backing,Apoio
Backup,Backup
Badge,Distintivo
Bail,Fiança
Balanced,Equilibrado
Ballet,Balé
Balloon,Balão
Ballot,Votação
Bankruptcy,Falência
Banner,Bandeira
Bare,Nu
Barely,Por muito pouco
Bargain,Negociar
Barrel,Barril
Basement,Porão
Basket,Cesta
Bass,Baixo
Bat,Bastão
Battlefield,Campo de batalha
Bay,Baía
Beam,Feixe
Beast,Besta
Behalf,Em nome de
Behavioral,Comportamental
Beloved,Amado
Bench,Banco
Benchmark,Referência
Beneath,Abaixo
Beneficial,Benéfico
Beneficiary,Beneficiário
Beside,Ao lado
Besides,Além do mais
Betray,Trair
Beverage,Bebida
Bias,Viés
Bid,Oferta
Bind,Vincular
Biography,Biografia
Biological,Biológico
Bishop,Bispo
Bizarre,Bizarro
Blade,Lâmina
Blanket,Cobertor
Blast,Explosão
Bleed,Sangrar
Blend,Mistura
Bless,Abençoar
Blessing,Bênção
Blow,Soprar
Boast,Vangloriar-se
Bold,Audacioso
Bombing,Bombardeio
Bonus,Bônus
Booking,Reserva
Boom,Estrondo
Boost,Impulsionar
Bounce,Quicar
Bound,Vinculado
Boundary,Limite
Bow,Arco
Breach,Violação
Breakdown,Discriminação
Breakthrough,Avanço
Breed,Raça
Brick,Tijolo
Briefly,Brevemente
Broadband,Banda larga
Broadcaster,Radiodifusor
Broadly,Amplamente
Browser,Navegador
Brutal,Brutal
Buck,Fanfarrão
Buddy,Companheiro
Buffer,Buffer
Bug,Erro
Bulk,Volume
Burden,Fardo
Bureaucracy,Burocracia
Burial,Enterro
Burst,Explodido
Cabin,Cabine
Cabinet,Gabinete
Calculation,Cálculo
Canal,Canal
Candle,Vela
Canvas,Tela
Capability,Capacidade
Capitalism,Capitalismo
Capitalist,Capitalista
Carbon,Carbono
Cargo,Carga
Carriage,Transporte
Carve,Esculpir
Casino,Cassino
Castle,Castelo
Casual,Casual
Casualty,Vítima
Catalog,Catálogo
Cater,Atender
Cattle,Gado
Caution,Cuidado
Cautious,Cauteloso
Cave,Caverna
Cease,Cessar
Cemetery,Cemitério
Certainty,Certeza
Certificate,Certificado
Challenging,Desafiante
Chamber,Câmara
Championship,Campeonato
Chaos,Caos
Characterize,Caracterizar
Charm,Charme
Charming,Encantador
Charter,Carta
Chase,Perseguir
Cheek,Bochecha
Cheer,Alegrar
Choir,Coro
Chop,Cortar
Chronic,Crônico
Chunk,Pedaço
Circuit,Circuito
Circulate,Circular
Circulation,Circulação
Citizenship,Cidadania
Civic,Cívico
Civilian,Civil
Civilization,Civilização
Clarify,Esclarecer
Clarity,Clareza
Clash,Choque
Classification,Classificação
Classify,Classificar
Cliff,Penhasco
Cling,Agarrar-se
Clinic,Clínica
Clinical,Clínico
Clip,Grampo
Closure,Encerramento
Cluster,Conjunto
Coalition,Coalizão
Coastal,Costeira
Cocktail,Coquetel
Cognitive,Cognitivo
Coincide,Coincidir
Coincidence,Coincidência
Collaborate,Colaborar
Collaboration,Colaboração
Collective,Coletivo
Collector,Coletor
Collision,Colisão
Colonial,Colonial
Colony,Colônia
Colorful,Colorido
Columnist,Colunista
Combat,Combate
Comic,Cômico
Commander,Comandante
Commence,Começar
Commentary,Comentário
Commentator,Comentarista
Commerce,Comércio
Commissioner,Comissário
Commodity,Mercadoria
Communist,Comunista
Companion,Companheiro
Comparable,Comparável
Comparative,Comparativo
Compassion,Compaixão
Compel,Obrigar
Compelling,Atraente
Compensate,Compensar
Compensation,Compensação
Competence,Competência
Competent,Competente
Compile,Compilar
Complement,Complemento
Completion,Conclusão
Complexity,Complexidade
Compliance,Conformidade
Complication,Complicação
Comply,Cumprir
Compose,Compor
Composer,Compositor
Composition,Composição
Compound,Composto
Comprehensive,Abrangente
Comprise,Compreende
Compromise,Compromisso
Compulsory,Obrigatório
Compute,Calcular
Conceal,Esconder
Concede,Conceder
Conceive,Conceber
Conception,Concepção
Concession,Concessão
Concrete,Concreto
Condemn,Condenar
Confer,Conferir
Confess,Confessar
Confession,Confissão
Configuration,Configuração
Confine,Limitar
Confirmation,Confirmação
Confront,Enfrentar
Confrontation,Confronto
Confusion,Confusão
Congratulate,Felicitar
Congregation,Congregação
Congressional,Congresso
Conquer,Conquistar
Conscience,Consciência
Consciousness,Consciência
Consecutive,Consecutivo
Consensus,Consenso
Consent,Consentimento
Consequently,Consequentemente
Conservation,Conservação
Conserve,Conservar
Considerable,Considerável
Considerably,Consideravelmente
Consistency,Consistência
Consistently,Consistentemente
Consolidate,Consolidar
Conspiracy,Conspiração
Constitute,Constituir
Constitution,Constituição
Constitutional,Constitucional
Constraint,Restrição
Consult,Consultar
Consultant,Consultor
Consultation,Consulta
Consumption,Consumo
Contemplate,Contemplar
Contempt,Desprezo
Contend,Contender
Contender,Contendor
Content,Contente
Contention,Contenção
Continually,Continuamente
Contractor,Contratante
Contradiction,Contradição
Contrary,Contrário
Contributor,Contribuinte
Controversial,Controverso
Controversy,Controvérsia
Convenience,Conveniência
Convention,Convenção
Conventional,Convencional
Conversion,Conversão
Convey,Comunicar
Convict,Condenar
Conviction,Convicção
Convincing,Convincente
Cooperate,Cooperar
Cooperative,Cooperativa
Coordinate,Coordenada
Coordination,Coordenação
Coordinator,Coordenador
Cop,Policial
Cope,Lidar
Copper,Cobre
Copyright,Direitos autorais
Corporation,Corporação
Correction,Correção
Correlate,Correlacionar
Correlation,Correlação
Correspond,Corresponder
Correspondence,Correspondência
Correspondent,Correspondente
Corresponding,Correspondente
Corridor,Corredor
Corrupt,Corrupto
Corruption,Corrupção
Costly,Caro
Councilor,Conselheiro
Counseling,Aconselhamento
Counselor,Conselheiro
Counter,Contador
Counterpart,Contrapartida
Countless,Incontáveis
Coup,Golpe
Courtesy,Cortesia
Coverage,Cobertura
Cowboy,Vaqueiro
Crack,Rachadura
Craft,Arte
Crawl,Arrastar
Creativity,Criatividade
Creator,Criador
Credibility,Credibilidade
Credible,Credível
Creep,Rastejar
Critically,Criticamente
Critique,Crítica
Crown,Coroa
Crude,Bruto
Cruise,Cruzeiro
Crush,Crush
Crystal,Cristal
Cue,Deixa
Cult,Culto
Cultivate,Cultivar
Curiosity,Curiosidade
Curious,Curioso
Curriculum,Currículo
Custody,Custódia
Cute,Bonitinho
Cutting,Corte
Cynical,Cínico
Dairy,Laticínio
Dam,Barragem
Damaging,Prejudicial
Dare,Ousar
Darkness,Escuridão
Database,Banco de dados
Dawn,Alvorecer
Deadline,Prazo final
Deadly,Mortal
Dealer,Distribuidor
Debris,Destroços
Debut,Estréia
Decision-making,Tomando uma decisão
Decisive,Decisivo
Deck,Convés
Declaration,Declaração
Dedicated,Dedicado
Dedication,Dedicação
Deed,Obra
Deem,Considerar
Default,Padrão
Defect,Defeito
Defender,Defensor
Defensive,Defensiva
Deficiency,Deficiência
Deficit,Déficit
Defy,Desafiar
Delegate,Delegar
Delegation,Delegação
Delete,Excluir
Delicate,Delicado
Delighted,Encantado
Democracy,Democracia
Democratic,Democrático
Demon,Demônio
Demonstration,Demonstração
Denial,Negação
Denounce,Denunciar
Dense,Denso
Density,Densidade
Depart,Partir
Dependence,Dependência
Dependent,Dependente
Depict,Retratar
Deploy,Implantar
Deployment,Implantação
Deposit,Depósito
Depression,Depressão
Deprive,Privar
Deputy,Deputado
Derive,Derivar
Descend,Descer
Descent,Descida
Designate,Designar
Desirable,Desejável
Desktop,Área de trabalho
Desperately,Desesperadamente
Destruction,Destruição
Destructive,Destrutivo
Detain,Deter
Detection,Detecção
Detention,Detenção
Deteriorate,Deteriorar
Determination,Determinação
Devastate,Devastar
Devil,Diabo
Devise,Conceber
Devote,Dedicar
Diagnose,Diagnosticar
Diagnosis,Diagnóstico
Dictate,Ditar
Dictator,Ditador
Differ,Diferir
Differentiate,Diferenciar
Dignity,Dignidade
Dilemma,Dilema
Dime,Centavo
Dimension,Dimensão
Diminish,Diminuir
Dip,Mergulhar
Diplomat,Diplomata
Diplomatic,Diplomático
Directory,Diretório
Disability,Inabilidade
Disabled,Desabilitado
Disagreement,Desacordo
Disappoint,Decepcionar
Disappointment,Desapontamento
Disastrous,Desastroso
Discard,Descartar
Discharge,Descarga
Disclose,Divulgar
Disclosure,Divulgação
Discourage,Desencorajar
Discourse,Discurso
Discretion,Critério
Discrimination,Discriminação
Dismissal,Demissão
Disorder,Desordem
Displace,Deslocar
Disposal,Disposição
Dispose,Descartar
Dispute,Disputa
Disrupt,Perturbar
Disruption,Perturbação
Dissolve,Dissolver
Distant,Distante
Distinct,Distinto
Distinction,Distinção
Distinctive,Distintivo
Distinguish,Distinguir
Distort,Distorcer
Distract,Distrair
Distress,Sofrimento
Disturb,Perturbar
Disturbing,Perturbador
Dive,Mergulho
Diverse,Diverso
Diversity,Diversidade
Divert,Desviar
Divine,Divino
Divorce,Divórcio
Doctrine,Doutrina
Documentation,Documentação
Domain,Domínio
Dominance,Domínio
Dominant,Dominante
Donation,Doação
Donor,Doador
Dose,Dose
Dot,Ponto
Drain,Ralo
Dramatically,Dramaticamente
Drift,Deriva
Driving,Condução
Drought,Seca
Drown,Afogar
Dual,Dual
Dub,Dublar
Dull,Chato
Dumb,Burro
Dump,Jogar fora
Duo,Duo
Duration,Duração
Dynamic,Dinâmico
Eager,Ansioso
Earnings,Ganhos
Ease,Facilidade
Echo,Eco
Ecological,Ecológico
Economics,Economia
Economist,Economista
Editorial,Editorial
Educator,Educador
Effectiveness,Eficácia
Efficiency,Eficiência
Efficiently,Eficientemente
Ego,Eu
Elaborate,Elaborar
Elbow,Cotovelo
Electoral,Eleitoral
Electronics,Eletrônica
Elegant,Elegante
Elementary,Elementar
Elevate,Elevar
Eligible,Elegível
Eliminate,Eliminar
Elite,Elite
Embark,Embarcar
Embarrassment,Embaraço
Embassy,Embaixada
Embed,Incorporar
Embody,Incorporar
Embrace,Abraçar
Emergence,Emergência
Emission,Emissão
Emotionally,Emocionalmente
Empire,Império
Empirical,Empírico
Empower,Capacitar
Enact,Promulgar
Encompass,Abranger
Encouragement,Encorajamento
Encouraging,Encorajador
Endeavor,Empreendimento
Endless,Sem fim
Endorse,Endossar
Endorsement,Endosso
Endure,Aguentar
Enforce,Impor
Enforcement,Aplicação
Engagement,Noivado
Engaging,Envolvente
Enjoyable,Agradável
Enrich,Enriquecer
Enroll,Matricular
Ensue,Seguir
Enterprise,Empresa
Entertaining,Divertido
Enthusiast,Entusiasta
Entitle,Autorizar
Entity,Entidade
Entrepreneur,Empreendedor
Envelope,Envelope
Epidemic,Epidemia
Equality,Igualdade
Equation,Equação
Equip,Equipar
Equivalent,Equivalente
Era,Era
Erect,Ereto
Erupt,Entrar em erupção
Escalate,Escalar
Essence,Essência
Essentially,Essencialmente
Establishment,Estabelecimento
Eternal,Eterno
Ethic,Ética
Ethnic,Étnico
Evacuate,Evacuar
Evaluation,Avaliação
Evident,Evidente
Evoke,Evocar
Evolution,Evolução
Evolutionary,Evolutivo
Evolve,Evoluir
Exaggerate,Exagerar
Exceed,Exceder
Excellence,Excelência
Exception,Exceção
Exceptional,Excepcional
Excess,Excesso
Excessive,Excessivo
Exclude,Excluir
Exclusion,Exclusão
Exclusive,Exclusivo
Exclusively,Exclusivamente
Execute,Executar
Execution,Execução
Exert,Exercer
Exile,Exílio
Exotic,Exótico
Expansion,Expansão
Expedition,Expedição
Expenditure,Despesas
Experimental,Experimental
Expertise,Experiência
Expire,Expirar
Explicit,Explícito
Explicitly,Explicitamente
Exploit,Explorar
Exploitation,Exploração
Explosive,Explosivo
Exposure,Exposição
Extension,Extensão
Extensive,Extenso
Extensively,Extensivamente
Extract,Extrair
Extremist,Extremista
Fabric,Tecido
Fabulous,Fabuloso
Facilitate,Facilitar
Faction,Facção
Faculty,Faculdade
Fade,Desaparecer
Failed,Fracassado
Fairness,Justiça
Fake,Falso
Fame,Fama
Fantasy,Fantasia
Fare,Tarifa
Fatal,Fatal
Fate,Destino
Favorable,Favorável
Feat,Façanha
Felony,Crime
Feminist,Feminista
Fiber,Fibra
Fierce,Feroz
Filmmaker,Cineasta
Filter,Filtro
Fine,Multar
Firearm,Arma de fogo
Firefighter,Bombeiro
Firework,Fogo de artifício
Firm,Empresa
Firmly,Firmemente
Fiscal,Fiscal
Fit,Ajustar
Flavor,Sabor
Flaw,Imperfeição
Flawed,Falho
Flee,Fugir
Fleet,Frota
Flesh,Carne
Flexibility,Flexibilidade
Flourish,Florescer
Fluid,Fluido
Fond,Apaixonado
Fool,Enganar
Footage,Imagens de vídeo
Forbid,Proibir
Forecast,Previsão
Foreigner,Estrangeiro
Forge,Forja
Format,Formatar
Formation,Formação
Formerly,Antigamente
Formula,Fórmula
Formulate,Formular
Forth,Adiante
Forthcoming,Próximo
Fortunate,Afortunado
Forum,Fórum
Fossil,Fóssil
Foster,Fomentar
Foundation,Fundação
Founder,Fundador
Fraction,Fração
Fragile,Frágil
Fragment,Fragmento
Framework,Estrutura
Franchise,Franquia
Frankly,Francamente
Fraud,Fraude
Freely,Livremente
Frequent,Freqüente
Freshman,Calouro
Frustrated,Frustrado
Frustrating,Frustrante
Frustration,Frustração
Fulfill,Completar
Full-time,Tempo total
Functional,Funcional
Fundamentally,Fundamentalmente
Fundraising,Arrecadação de fundos
Funeral,Funeral
Furious,Furioso
Gallon,Galão
Gambling,Jogatina
Gaming,Jogos
Gathering,Reunião
Gay,Homossexual
Gaze,Olhar
Gear,Engrenagem
Gender,Gênero
Gene,Gene
Generic,Genérico
Genetic,Genético
Genius,Gênio
Genocide,Genocídio
Genuine,Genuíno
Genuinely,Genuinamente
Gesture,Gesto
Gig,Show
Glance,Olhar
Glimpse,Vislumbre
Globalization,Globalização
Globe,Globo
Glorious,Glorioso
Glory,Glória
Golden,Dourado
Goodness,Bondade
Gorgeous,Maravilhoso
Governance,Governança
Grace,Graça
Graphic,Gráfico
Graphics,Gráficos
Grasp,Entender
Grave,Cova
Gravity,Gravidade
Greatly,Muito
Greenhouse,Estufa
Grid,Grade
Grief,Pesar
Grin,Sorriso
Grind,Moer
Grip,Pegada
Gross,Bruto
Guerrilla,Guerrilha
Guidance,Orientação
Guideline,Diretriz
Guilt,Culpa
Gut,Intestino
Habitat,Habitat
Hail,Saudação
Halfway,Meio caminho
Halt,Parar
Handful,Punhado
Handling,Manuseio
Handy,Útil
Harassment,Assédio
Harbor,Porto
Hardware,Hardware
Harmony,Harmonia
Harsh,Severo
Harvest,Colheita
Hatred,Ódio
Haunt,Assombrar
Hazard,Perigo
Headquarters,Sede
Heal,Curar
Healthcare,Assistência médica
Heighten,Aumentar
Helmet,Capacete
Hence,Por isso
Herb,Erva
Heritage,Herança
Hidden,Escondido
Hierarchy,Hierarquia
High-profile,Alto perfil
Hilarious,Divertido
Hint,Dica
Hip,Quadril
Historian,Historiador
Homeland,Pátria
Homeless,Morador de rua
Honesty,Honestidade
Honey,Mel
Hook,Gancho
Hopeful,Esperançoso
Hopefully,Esperançosamente
Horizon,Horizonte
Horn,Buzina
Hostage,Refém
Hostile,Hostil
Hostility,Hostilidade
Humanitarian,Humanitário
Humanity,Humanidade
Humble,Humilde
Hunger,Fome
Hydrogen,Hidrogênio
Hypothesis,Hipótese
Icon,Ícone
Identical,Idêntico
Identification,Identificação
Ideological,Ideológico
Ideology,Ideologia
Idiot,Idiota
Ignorance,Ignorância
Illusion,Ilusão
Imagery,Imagens
Immense,Imenso
Immigration,Imigração
Imminent,Iminente
Immune,Imune
Implement,Implementar
Implementation,Implementação
Implication,Implicação
Imprison,Aprisionar
Inability,Incapacidade
Inadequate,Inadequado
Inappropriate,Inadequado
Incarcerate,Encarcerar
Incarceration,Encarceramento
Incentive,Incentivo
Incidence,Incidência
Inclined,Inclinado
Inclusion,Inclusão
Incorporate,Incorporar
Incorrect,Incorreto
Incur,Incorrer
Independence,Independência
Index,Índice
Indication,Indicação
Indicator,Indicador
Indictment,Acusação
Indigenous,Indígena
Induce,Induzir
Indulge,Saciar-se
Inequality,Desigualdade
Inevitable,Inevitável
Inevitably,Inevitavelmente
Infamous,Infame
Infant,Infantil
Infect,Infectar
Infer,Inferir
Inflation,Inflação
Inflict,Infligir
Influential,Influente
Info,Informações
Infrastructure,Infraestrutura
Inhabitant,Habitante
Inherent,Inerente
Inherit,Herdar
Inhibit,Inibir
Initiate,Iniciar
Inject,Injetar
Injection,Injeção
Injustice,Injustiça
Ink,Tinta
Inmate,Preso
Innovation,Inovação
Innovative,Inovador
Input,Entrada
Inquire,Perguntar
Insert,Inserir
Insertion,Inserção
Insider,Interno
Inspect,Inspecionar
Inspection,Inspeção
Inspector,Inspetor
Inspiration,Inspiração
Installation,Instalação
Instant,Instantâneo
Instantly,Imediatamente
Instinct,Instinto
Institutional,Institucional
Instruct,Instruir
Instrumental,Instrumental
Insufficient,Insuficiente
Insult,Insulto
Intact,Intacto
Intake,Ingestão
Integral,Integrante
Integrate,Integrar
Integrated,Integrado
Integration,Integração
Integrity,Integridade
Intellectual,Intelectual
Intensify,Intensificar
Intensity,Intensidade
Intensive,Intensivo
Intent,Intenção
Interact,Interagir
Interaction,Interação
Interactive,Interativo
Interface,Interface
Interfere,Interferir
Interference,Interferência
Interim,Provisório
Interior,Interior
Intermediate,Intermediário
Interpretation,Interpretação
Intersection,Interseção
Interval,Intervalo
Intervene,Intervir
Intervention,Intervenção
Intimate,Íntimo
Intriguing,Intrigante
Invade,Invadir
Invasion,Invasão
Inventory,Inventário
Investigator,Investigador
Investor,Investidor
Invisible,Invisível
Invoke,Invocar
Involvement,Envolvimento
Ironic,Irônico
Ironically,Ironicamente
Irony,Ironia
Irrelevant,Irrelevante
Isolate,Isolar
Isolated,Isolado
Isolation,Isolamento
Jail,Cadeia
Jet,Jato
Joint,Articulação
Journalism,Jornalismo
Judicial,Judicial
Jurisdiction,Jurisdição
Jury,Júri
Just,Apenas
Justification,Justificação
Keen,Ansioso
Kidnap,Sequestrar
Kidney,Rim
Kindergarten,Jardim de infância
Kingdom,Reino
Kit,Conjunto
Ladder,Escada
Landing,Pousar
Landlord,Senhorio
Landmark,Marco
Lane,Faixa
Lap,Colo
Large-scale,Em grande escala
Laser,Laser
Lately,Ultimamente
Latter,Último
Lawmaker,Legislador
Lawn,Grama
Lawsuit,Ação judicial
Layout,Layout
Leak,Vazar
Leap,Salto
Legacy,Legado
Legend,Lenda
Legendary,Lendário
Legislation,Legislação
Legislative,Legislativo
Legislature,Legislatura
Legitimate,Legítimo
Lengthy,Demorado
Lens,Lente
Lesbian,Lésbica
Lesser,Menor
Lethal,Letal
Liable,Responsável
Liberal,Liberal
Liberation,Libertação
Liberty,Liberdade
Lifelong,Ao longo da vida
Lifetime,Vida
Lighting,Iluminação
Likelihood,Probabilidade
Likewise,Da mesma maneira
Limb,Membro
Limitation,Limitação
Linear,Linear
Lineup,Alinhar
Linger,Permanecer
Listing,Listagem
Liter,Litro
Literacy,Alfabetização
Literally,Literalmente
Literary,Literário
Litter,Lixo
Liver,Fígado
Lobby,Salão
Log,Registro
Logic,Lógica
Logo,Logotipo
Long-standing,De longa data
Longtime,De longa data
Loom,Tear
Loop,Laço
Lottery,Loteria
Loyal,Leal
Loyalty,Lealdade
Lyric,Letra
Machinery,Maquinaria
Magical,Mágico
Magnetic,Magnético
Magnificent,Magnífico
Magnitude,Magnitude
Mainland,Continente
Mainstream,Convencional
Maintenance,Manutenção
Makeup,Inventar
Making,Fazendo
Mandate,Mandato
Mandatory,Obrigatório
Manifest,Manifesto
Manipulate,Manipular
Manipulation,Manipulação
Manufacture,Fabricação
Manufacturing,Fabricação
Manuscript,Manuscrito
Marathon,Maratona
March,Marchar
Margin,Margem
Marginal,Marginal
Marine,Marinho
Marker,Marcador
Marketplace,Mercado
Martial,Marcial
Mask,Máscara
Massacre,Massacre
Mate,Amigo
Mathematical,Matemático
Mature,Maduro
Maximize,Maximizar
Meaningful,Significativo
Meantime,Entretanto
Mechanic,Mecânico
Mechanical,Mecânico
Mechanism,Mecanismo
Medal,Medalha
Medication,Medicamento
Medieval,Medieval
Meditation,Meditação
Melody,Melodia
Membership,Adesão
Memo,Memorando
Memoir,Livro de memórias
Memorable,Memorável
Memorial,Memorial
Mentor,Mentor
Merchant,Comerciante
Mercy,Misericórdia
Mere,Simples
Merely,Apenas
Merge,Mesclar
Merger,Fusão
Merit,Mérito
Metaphor,Metáfora
Methodology,Metodologia
Midst,Meio
Migration,Migração
Militant,Militante
Militia,Milícia
Mill,Moinho
Miner,Mineiro
Minimal,Mínimo
Minimize,Minimizar
Mining,Mineração
Ministry,Ministério
Minute,Minuto
Miracle,Milagre
Miserable,Miserável
Misery,Miséria
Misleading,Errôneo
Missile,Míssil
Mob,Multidão
Mobile,Móvel
Mobility,Mobilidade
Mobilize,Mobilizar
Mode,Modo
Moderate,Moderado
Modest,Modesto
Modification,Modificação
Module,Módulo
Momentum,Impulso
Monk,Monge
Monopoly,Monopólio
Monster,Monstro
Monthly,Mensal
Monument,Monumento
Morality,Moralidade
Moreover,Além disso
Mortgage,Hipoteca
Mosque,Mesquita
Mosquito,Mosquito
Motion,Movimento
Motivate,Motivar
Motivation,Motivação
Motive,Motivo
Moving,Em movimento
Municipal,Municipal
Mutual,Mútuo
Myth,Mito
Naked,Nu
Namely,Nomeadamente
Nasty,Nojento
Nationwide,Em todo o país
Naval,Naval
Navigation,Navegação
Nearby,Próximo
Necessity,Necessidade
Neglect,Negligência
Negotiate,Negociar
Negotiation,Negociação
Neighboring,Vizinho
Nest,Ninho
Net,Líquido
Neutral,Neutro
Newly,Recentemente
Newsletter,Boletim informativo
Niche,Nicho
Nickel,Níquel
Noble,Nobre
Nod,Acenar
Nominate,Nomear
Nomination,Nomeação
Nominee,Candidato
Nonetheless,Apesar disso
Nonprofit,Sem fins lucrativos
Nonsense,Bobagem
Noon,Meio-dia
Norm,Norma
Notable,Notável
Notably,Notavelmente
Notebook,Caderno
Notify,Notificar
Notorious,Notório
Novel,Romance
Novelist,Romancista
Nowadays,Hoje em dia
Nursery,Berçário
Nursing,Enfermagem
Nutrition,Nutrição
Obesity,Obesidade
Objection,Objeção
Oblige,Obrigar
Observer,Observador
Obsess,Obcecado
Obsession,Obsessão
Obstacle,Obstáculo
Occasional,Ocasional
Occupation,Ocupação
Occupy,Ocupar
Occurrence,Ocorrência
Odds,Chances
Offender,Infrator
Offering,Oferta
Offspring,Filhos
Ongoing,Em andamento
Openly,Abertamente
Opera,Ópera
Operational,Operacional
Operator,Operador
Opt,Optar
Optical,Óptico
Optimism,Otimismo
Optimistic,Otimista
Oral,Oral
Orchestra,Orquestra
Organic,Orgânico
Organizational,Organizacional
Orientation,Orientação
Originate,Originar
Outbreak,Surto
Outfit,Roupa
Outing,Passeio
Outlet,Tomada
Outlook,Panorama
Output,Saída
Outrage,Ultraje
Outsider,Estranho
Outstanding,Fora do comum
Overcome,Superar
Overlook,Ignorar
Overly,Excessivamente
Overnight,Durante a noite
Oversee,Supervisionar
Overturn,Reviravolta
Overwhelm,Sobrecarregar
Overwhelming,Muito pesado
Ownership,Propriedade
Oxygen,Oxigênio
Packet,Pacote
Pad,Almofada
Palm,Palma
Panic,Pânico
Parade,Parada
Parallel,Paralelo
Parameter,Parâmetro
Parental,Parental
Parliament,Parlamento
Part-time,Tempo parcial
Partial,Parcial
Partially,Parcialmente
Participation,Participação
Partnership,Parceria
Passing,Passagem
Passionate,Apaixonado
Passive,Passiva
Password,Senha
Pastor,Pastor
Patch,Correção
Patent,Patente
Pathway,Caminho
Patience,Paciência
Patrol,Patrulha
Patron,Patrono
Pause,Pausa
Peak,Pico
Peasant,Camponês
Peculiar,Peculiar
Peer,Par
Penalty,Pena
Pension,Pensão
Perceive,Perceber
Perception,Percepção
Permanently,Permanentemente
Persist,Persistir
Persistent,Persistente
Personnel,Pessoal
Petition,Petição
Pharmacy,Farmácia
Philosopher,Filósofo
Philosophical,Filosófico
Physician,Médico
Pill,Pílula
Pioneer,Pioneiro
Pipeline,Gasoduto
Pirate,Pirata
Pit,Poço
Pity,Pena
Placement,Colocação
Plea,Declarar
Plead,Implorar
Pledge,Juramento
Plug,Plugue
Plunge,Mergulhar
Pole,Pólo
Poll,Enquete
Pond,Lago
Pop,Pop
Portfolio,Portfólio
Portion,Parte
Portray,Retratar
Postpone,Adiar
Postwar,Pós-guerra
Potentially,Potencialmente
Practitioner,Praticante
Preach,Pregar
Precede,Preceder
Precedent,Precedente
Precious,Precioso
Precise,Preciso
Precisely,Precisamente
Precision,Precisão
Predator,Predador
Predecessor,Antecessor
Predictable,Previsível
Predominantly,Predominantemente
Preference,Preferência
Pregnancy,Gravidez
Prejudice,Preconceito
Preliminary,Preliminares
Premier,Primeiro-ministro
Premise,Premissa
Premium,Prêmio
Prescribe,Prescrever
Prescription,Prescrição
Presently,Atualmente
Preservation,Preservação
Preside,Presidir
Presidency,Presidência
Presidential,Presidencial
Prestigious,Prestigiado
Presumably,Presumivelmente
Presume,Presumir
Prevail,Prevalecer
Prevalence,Prevalência
Prevention,Prevenção
Prey,Presa
Pride,Orgulho
Primarily,Principalmente
Prior,Anterior
Privatization,Privatização
Privilege,Privilégio
Probability,Probabilidade
Probable,Provável
Probe,Sonda
Problematic,Problemático
Proceed,Prosseguir
Proceeding,Processo
Proceeds,Receitas
Processing,Processamento
Processor,Processador
Proclaim,Proclamar
Productive,Produtivo
Productivity,Produtividade
Profitable,Rentável
Profound,Profundo
Programming,Programação
Progressive,Progressivo
Prohibit,Proibir
Projection,Projeção
Prominent,Proeminente
Promising,Promissor
Promotion,Promoção
Prompt,Incitar
Pronounced,Pronunciado
Propaganda,Propaganda
Proportion,Proporção
Proposition,Proposição
Prosecute,Processar
Prosecution,Acusação
Prosecutor,Promotor
Prospective,Prospectivo
Prosperity,Prosperidade
Protective,Protetor
Protein,Proteína
Protester,Manifestante
Protocol,Protocolo
Province,Província
Provincial,Provincial
Provision,Provisão
Provoke,Provocar
Psychiatric,Psiquiátrico
Psychological,Psicológico
Publicity,Publicidade
Publishing,Publicação
Pulse,Pulso
Pump,Bombear
Punch,Soco
Punk,Punk
Purely,Puramente
Pursuit,Perseguir
Puzzle,Quebra-cabeça
Query,Consulta
Quest,Busca
Questionnaire,Questionário
Quota,Contingente
Racial,Racial
Racism,Racismo
Racist,Racista
Radar,Radar
Radiation,Radiação
Radical,Radical
Rage,Raiva
Raid,Ataque
Rail,Trilho
Rally,Corrida
Random,Aleatório
Ranking,Classificação
Rape,Estupro
Rat,Rato
Rating,Avaliação
Ratio,Razão
Rational,Racional
Ray,Raio
Readily,Facilmente
Realization,Realização
Realm,Reino
Rear,Traseira
Reasonably,Razoavelmente
Reasoning,Raciocínio
Reassure,Tranquilizar
Rebel,Rebelde
Rebellion,Rebelião
Rebuild,Reconstruir
Receiver,Receptor
Recession,Recessão
Recipient,Destinatário
Reckon,Considerar
Recognition,Reconhecimento
Reconstruction,Reconstrução
Recount,Recontagem
Recovery,Recuperação
Recruit,Recrutar
Recruitment,Recrutamento
Referee,Árbitro
Referendum,Referendo
Reflection,Reflexão
Reform,Reforma
Refuge,Refúgio
Refugee,Refugiado
Refusal,Recusa
Regain,Recuperar
Regardless,Sem considerar
Regime,Regime
Registration,Registro
Regulate,Regular
Regulator,Regulador
Regulatory,Regulatório
Rehabilitation,Reabilitação
Reign,Reinado
Reinforce,Reforçar
Rejection,Rejeição
Relevance,Relevância
Reliability,Confiabilidade
Relieve,Aliviar
Relieved,Aliviado
Reluctant,Relutante
Remainder,Restante
Remains,Restos
Remarkable,Notável
Remarkably,Notavelmente
Remedy,Remédio
Reminder,Lembrete
Removal,Remoção
Render,Renderizar
Renew,Renovar
Renowned,Renomado
Rental,Aluguel
Replacement,Substituição
Reportedly,Supostamente
Reporting,Relatórios
Representation,Representação
Reproduce,Reproduzir
Reproduction,Reprodução
Republic,República
Resemble,Assemelhar-se
Reside,Residir
Residence,Residência
Residential,Residencial
Residue,Resíduo
Resign,Renunciar
Resignation,Renúncia
Resistance,Resistência
Resolution,Resolução
Respective,Respectivo
Respectively,Respectivamente
Restoration,Restauração
Restore,Restaurar
Restraint,Restrição
Restrict,Restringir
Restriction,Restrição
Resume,Retomar
Retail,Varejo
Retirement,Aposentadoria
Retreat,Retiro
Retrieve,Recuperar
Revelation,Revelação
Revenge,Vingança
Revenue,Receita
Reverse,Reverter
Revision,Revisão
Revival,Reavivamento
Revive,Reviver
Revolutionary,Revolucionário
Rhetoric,Retórica
Ridiculous,Ridículo
Rifle,Rifle
Riot,Rebelião
Rip,Rasgar
Risky,Arriscado
Ritual,Ritual
Rival,Rival
Rob,Roubar
Robbery,Roubo
Robust,Robusto
Rock,Pedra
Rocket,Foguete
Rod,Haste
Romance,Romance
Rookie,Novato
Rose,Rosa
Roster,Lista
Rotate,Girar
Rotation,Rotação
Roughly,Aproximadamente
Ruin,Ruína
Ruling,Decisão
Rumor,Rumor
Résumé,Retomar
Sacred,Sagrado
Sacrifice,Sacrifício
Saint,Santo
Sake,Interesse
Sanction,Sanção
Satisfaction,Satisfação
Say,Dizer
Scandal,Escândalo
Scare,Susto
Scattered,Espalhado
Scenario,Cenário
Scholar,Estudioso
Scholarship,Bolsa de estudos
Scope,Escopo
Scratch,Arranhar
Screening,Triagem
Screw,Parafuso
Scrutiny,Escrutínio
Seal,Selo
Secondly,Em segundo lugar
Secular,Secular
Seeker,Buscador
Seemingly,Aparentemente
Segment,Segmento
Seize,Aproveitar
Seldom,Raramente
Selective,Seletivo
Seminar,Seminário
Sensation,Sensação
Sensitivity,Sensibilidade
Sentiment,Sentimento
Separation,Separação
Serial,Serial
Settlement,Povoado
Settler,Colono
Setup,Configurar
Severely,Severamente
Sexuality,Sexualidade
Sexy,Sexy
Shaped,Em forma
Shareholder,Acionista
Shatter,Quebrar
Shed,Cabana
Sheer,Puro
Shipping,Envio
Shocking,Chocante
Shoot,Atirar
Shore,Costa
Short-term,Curto prazo
Shortage,Falta
Shortly,Em breve
Shrink,Encolher
Shrug,Encolher os ombros
Sibling,Irmão
Sidewalk,Calçada
Sigh,Suspirar
Signature,Assinatura
Significance,Significado
Simulate,Simular
Simulation,Simulação
Simultaneously,Simultaneamente
Sin,Pecado
Situated,Situado
Skeptical,Cético
Sketch,Esboço
Skilled,Habilidoso
Skip,Pular
Skull,Crânio
Slam,Bater
Slap,Tapa
Slash,Barra
Slavery,Escravidão
Slogan,Slogan
Slot,Slot
Smash,Esmagar
Snap,Foto
So-called,Chamado
Soak,Mergulhar
Soar,Disparar
Socialist,Socialista
Sole,Único
Solely,Unicamente
Solidarity,Solidariedade
Solo,Solo
Somehow,De alguma forma
Sometime,Algum dia
Sophisticated,Sofisticado
Sophomore,Estudante do segundo ano
Sound,Som
Sovereignty,Soberania
Spam,Spam
Span,Período
Spare,Poupar
Spark,Fagulha
Specialize,Especializar-se
Specialized,Especializado
Specification,Especificação
Specify,Especificar
Specimen,Espécime
Spectacle,Espetáculo
Spectacular,Espetacular
Spectator,Espectador
Spectrum,Espectro
Speculate,Especular
Speculation,Especulação
Spell,Soletrar
Sphere,Esfera
Spice,Tempero
Spill,Derramar
Spin,Rodar
Spine,Coluna
Spite,Despeito
Spoil,Estragar
Spokesman,Porta-voz
Spokesperson,Porta-voz
Spokeswoman,Porta-voz
Sponsorship,Patrocínio
Spotlight,Destaque
Spouse,Cônjuge
Spy,Espião
Squad,Esquadrão
Squeeze,Espremer
Stab,Facada
Stability,Estabilidade
Stabilize,Estabilizar
Stake,Estaca
Stall,Parar
Stance,Posição
Standing,De pé
Stark,Austero
Starve,Morrer de fome
Statistical,Estatística
Steadily,Constantemente
Steam,Vapor
Steer,Dirigir
Stem,Tronco
Stereotype,Estereótipo
Stimulate,Estimular
Stimulus,Estímulo
Stir,Mexer
Storage,Armazenar
Straightforward,Direto
Strain,Variedade
Strand,Fio
Strategic,Estratégico
Strengthen,Fortalecer
Strictly,Estritamente
Striking,Impressionante
Strip,Tira
Strive,Esforço
Stroke,Avc
Structural,Estrutural
Stumble,Tropeçar
Stun,Atordoar
Stunning,Esplêndido
Submission,Submissão
Subscriber,Assinante
Subscription,Subscrição
Subsequent,Subsequente
Subsequently,Posteriormente
Subsidy,Subvenção
Substantial,Substancial
Substantially,Substancialmente
Substitute,Substituir
Substitution,Substituição
Subtle,Sutil
Suburb,Subúrbio
Suburban,Suburbano
Succession,Sucessão
Successive,Sucessivo
Successor,Sucessor
Suck,Chupar
Sue,Processar
Suffering,Sofrimento
Sufficient,Suficiente
Sufficiently,Suficientemente
Suicide,Suicídio
Suite,Suíte
Summit,Cume
Super,Super
Superb,Soberbo
Superintendent,Superintendente
Superior,Superior
Supervise,Supervisionar
Supervision,Supervisão
Supervisor,Supervisor
Supplement,Suplemento
Supportive,Solidário
Supposedly,Supostamente
Suppress,Suprimir
Supreme,Supremo
Surge,Surto
Surgeon,Cirurgião
Surgical,Cirúrgico
Surplus,Excedente
Surrender,Render
Surveillance,Vigilância
Survival,Sobrevivência
Survivor,Sobrevivente
Suspend,Suspender
Suspension,Suspensão
Suspicion,Suspeita
Suspicious,Suspeito
Sustain,Sustentar
Sustainable,Sustentável
Swallow,Engolir
Swing,Balanço
Sword,Espada
Symbolic,Simbólico
Sympathetic,Simpático
Syndrome,Síndrome
Synthesis,Síntese
Systematic,Sistemático
Tackle,Enfrentar
Tactic,Tática
Tactical,Tático
Tag,Marcação
Tap,Tocar
Taxpayer,Contribuinte
Technological,Tecnológica
Teen,Adolescente
Temple,Templo
Temporarily,Temporariamente
Tempt,Tentar
Tenant,Inquilino
Tendency,Tendência
Tender,Macio
Tension,Tensão
Tenure,Mandato
Terminal,Terminal
Terminate,Encerrar
Terms,Termos
Terrain,Terreno
Terribly,Terrivelmente
Terrific,Maravilhoso
Terrify,Aterrorizar
Territory,Território
Terror,Terror
Terrorism,Terrorismo
Terrorist,Terrorista
Testify,Testemunhar
Testimony,Testemunho
Testing,Testando
Textbook,Livro didático
Texture,Textura
Thankfully,Felizmente
Theatrical,Teatral
Theft,Roubo
Theology,Teologia
Theoretical,Teórico
Therapist,Terapeuta
Thereafter,Depois disso
Thereby,Deste modo
Thesis,Tese
Thorough,Minucioso
Thoroughly,Completamente
Thought-provoking,Instigante
Thoughtful,Considerado
Thread,Fio
Threshold,Limite
Thrilled,Entusiasmado
Thrive,Florescer
Thumb,Dedão
Tide,Maré
Tighten,Apertar
Timber,Madeira
Timely,Oportuno
Timing,Tempo
Tissue,Tecido
Tobacco,Tabaco
Tolerance,Tolerância
Tolerate,Tolerar
Toll,Pedágio
Top,Principal
Torture,Tortura
Toss,Jogar
Total,Total
Tournament,Torneio
Toxic,Tóxico
Trace,Rastrear
Trademark,Marca registrada
Trading,Negociação
Tragedy,Tragédia
Tragic,Trágico
Trail,Trilha
Trailer,Reboque
Trait,Característica
Transaction,Transação
Transcript,Transcrição
Transformation,Transformação
Transit,Trânsito
Transmission,Transmissão
Transmit,Transmitir
Transparency,Transparência
Transparent,Transparente
Trap,Armadilha
Trauma,Trauma
Treasure,Tesouro
Treaty,Tratado
Tremendous,Tremendo
Tribal,Tribal
Tribe,Tribo
Tribute,Tributo
Trigger,Acionar
Trillion,Trilhão
Trio,Trio
Triumph,Triunfo
Troop,Tropa
Trophy,Troféu
Troubled,Perturbado
Trustee,Administrador
Tsunami,Tsunami
Tuition,Mensalidade
Tumor,Tumor
Turnout,Vire para fora
Turnover,Volume de negócios
Twist,Torção
Ultimate,Final
Unacceptable,Inaceitável
Uncertainty,Incerteza
Unconstitutional,Inconstitucional
Undergo,Submeter-se a
Undergraduate,Graduação
Underlying,Subjacente
Undermine,Minar
Undertake,Empreender
Undoubtedly,Sem dúvida
Unfold,Desdobrar
Unfortunate,Infeliz
Unify,Unificar
Unite,Unir
Unity,Unidade
Universal,Universal
Unprecedented,Sem precedentes
Unveil,Revelar
Upcoming,Por vir
Upgrade,Atualizar
Uphold,Defender
Urgent,Urgente
Usage,Uso
Useless,Inútil
Utility,Utilidade
Utilize,Utilizar
Utterly,Totalmente
Vacuum,Vácuo
Vague,Vago
Valid,Válido
Validity,Validade
Vanish,Desaparecer
Variable,Variável
Variation,Variação
Varied,Variado
Vein,Veia
Venture,Risco
Verbal,Verbal
Verdict,Veredicto
Verify,Verificar
Verse,Verso
Versus,Contra
Vertical,Vertical
Vessel,Navio
Veteran,Veterano
Viable,Viável
Vibrant,Vibrante
Vice,Vício
Vicious,Vicioso
Viewpoint,Ponto de vista
Violate,Violar
Violation,Violação
Virtue,Virtude
Visa,Visa
Visible,Visível
Vocal,Vocal
Voluntary,Voluntário
Voting,Votação
Vow,Voto
Vulnerability,Vulnerabilidade
Vulnerable,Vulnerável
Wander,Vagar
Ward,Ala
Warehouse,Armazém
Warfare,Guerra
Warming,Aquecimento
Warrant,Mandado
Warrior,Guerreiro
Weaken,Enfraquecer
Weave,Tecer
Weed,Erva
Weekly,Semanalmente
Weird,Esquisito
Welfare,Bem-estar
Well,Bem
Well-being,Bem-estar
Whatsoever,De jeito nenhum
Wheat,Trigo
Whereby,Pelo qual
Whip,Chicote
Whoever,Quem quer que seja
Wholly,Totalmente
Widen,Ampliar
Widespread,Difundido
Widow,Viúva
Width,Largura
Willingness,Disposição
Wipe,Limpar
Wisdom,Sabedoria
Wit,Sagacidade
Withdraw,Retirar
Withdrawal,Cancelamento
Wolf,Lobo
Workforce,Força de trabalho
Workout,Dar certo
Workplace,Local de trabalho
Workshop,Oficina
Worm,Minhoca
Worship,Adorar
Worthwhile,Vale a pena
Worthy,Valioso
Wrist,Pulso
Yell,Gritar
Yield,Colheita
